SKU FINAL TABLERO,SKU MAILCHIMP,LINK MAILCHIMP
1500 PURO MALTE LATA 350,,
AMSTEL BOTELLA 355,AMSTEL 355,https://mcusercontent.com/dd5cd43b1cf512f035a1166fc/images/9c7fc3ae-f9e4-5f5f-8d14-b1eb128b6ad1.png
AMSTEL BOTELLA 650,,
AMSTEL LATA 250,AMSTEL 250,https://mcusercontent.com/dd5cd43b1cf512f035a1166fc/images/ada56e62-6c97-f82b-798d-505b7ef9436b.png
AMSTEL LATA 330,AMSTEL 330,https://mcusercontent.com/dd5cd43b1cf512f035a1166fc/images/84eabffc-8efd-c621-621b-35860dc350f0.png
ANDES IPA LATA 473,,
ANDES ROJA LATA 473,,
ANTARCTICA BOTELLA 600 - CONTRA,,
ANTARCTICA LATA 269,ANTARCTICA 269,https://mcusercontent.com/dd5cd43b1cf512f035a1166fc/images/7402fbfb-133e-f342-b429-0c745a121fac.png
ANTARCTICA SZ LATA 269 - CONTRA,,
ANTARCTICA SZ LATA 350 - CONTRA,,
ASAHI BOTELLA 330,,
BAMBOA BOTELLA 330,,
BAVARIA 0 BOTELLA 330,,
BAVARIA 0 LATA 330,,
BEERKINGOS HONEY BEER BOTELLA 500,,
BLUE MOON BOTELLA 355,,
BRAHMA 0 LATA 350 - CONTRA,,
BRAHMA BEAST LATA 269 - CONTRA,,
BRAHMA BOTELLA 330,,
BRAHMA BOTELLA 340,BRAHMA 340,https://mcusercontent.com/dd5cd43b1cf512f035a1166fc/images/767b08b5-21ed-e48e-19d0-3f542813f60f.png
BRAHMA BOTELLA 355 - CONTRA,,
BRAHMA BOTELLA 500 - CONTRA,,
BRAHMA BOTELLA 710,,
BRAHMA BOTELLA 940,BRAHMA 940,https://mcusercontent.com/dd5cd43b1cf512f035a1166fc/images/33a3bed5-c943-9c0b-caae-8227778e6889.png
BRAHMA DUPLO BOTELLA 600 - CONTRA,,
BRAHMA DUPLO LATA 350 - CONTRA,,
BRAHMA FRUTOS ROJOS LATA 269,,
BRAHMA LATA 269,BRAHMA 269,https://mcusercontent.com/dd5cd43b1cf512f035a1166fc/images/272967a3-495c-2b18-a8a0-4796dfbd3446.png
BRAHMA LATA 354,BRAHMA 354,https://mcusercontent.com/dd5cd43b1cf512f035a1166fc/images/31bca9b5-4a95-8e47-76a6-9a3af61f4805.png
BRAHMA LATA 473 - CONTRA,,
BRAHMA POMELO BOTELLA 340,,
BRAHMA POMELO LATA 269,,
BRAHMA SZ BOTELLA 340,BRAHMA SZ 340,https://mcusercontent.com/dd5cd43b1cf512f035a1166fc/images/9d8f6aec-ddbc-6887-37ad-0bc85fd070e0.png
BRAHMA SZ BOTELLA 940,,
BRAHMA SZ LATA 269,BRAHMA SZ 269,https://mcusercontent.com/dd5cd43b1cf512f035a1166fc/images/e4b7969a-3c59-5073-cf6e-5580e3b8cae5.png
BRAHMA SZ LATA 354,,
BUCKLER BOTELLA 355,,
BUD 66 BOTELLA 1000 - CONTRA,,
BUD 66 BOTELLA 300,,
BUD 66 BOTELLA 330,,
BUD 66 BOTELLA 550,,
BUD 66 BOTELLA 710,BUD 66 710,https://mcusercontent.com/dd5cd43b1cf512f035a1166fc/images/cf92c679-418a-4d15-09ef-0738536b8162.png
BUD 66 BOTELLA RET 710,BUD 66 RET 710,https://mcusercontent.com/dd5cd43b1cf512f035a1166fc/images/e171b48c-3d08-911c-c871-e0bb611887b1.png
BUD 66 BRAVE BOTELLA 330,,
BUD 66 BRAVE LATA 310,,
BUD 66 LATA 269,BUD 66 269,https://mcusercontent.com/dd5cd43b1cf512f035a1166fc/images/0b35f388-1910-3cc3-2465-48b9d629b770.png
BUD 66 LATA 310,BUD 66 310,https://mcusercontent.com/dd5cd43b1cf512f035a1166fc/images/6440321e-27b6-bc76-247c-356a4915ac07.png
BUD 66 LATA 354,BUD 66 354,https://mcusercontent.com/dd5cd43b1cf512f035a1166fc/images/070ae2f2-6111-d81d-65ab-95778bf498ac.png
BUDWEISER BOTELLA 330,,
BUDWEISER BOTELLA 330 - CONTRA,,
BUDWEISER BOTELLA 340,,
BUDWEISER BOTELLA 550,BUDWEISER 550,https://mcusercontent.com/d7fd666d7a9a8d4857830bd89/images/911cfd14-0f46-b3fe-f767-9a25520d50fc.png
BUDWEISER BOTELLA 710,,
BUDWEISER BOTELLA 710 - CONTRA,,
BUDWEISER LATA 269,,
BUDWEISER LATA 354,,
BUDWEISER LATA 410 CONTRABANDO - CONTRA,,
BUDWEISER LATA 473 - CONTRA,,
BUDWEISER LATA 710,,
BUDWEISER ZERO BOTELLA 330 - CONTRA,,
BUDWEISER ZERO LATA 350 - CONTRA,,
BURGUESA BOTELLA 300,,
BURGUESA BOTELLA 600,,
BURGUESA LATA 269,BURGUESA 269,https://mcusercontent.com/dd5cd43b1cf512f035a1166fc/images/855e631f-3428-0d39-246a-d29cbf84a030.png
BURGUESA LATA 350,,
BURGUESA LATA 473,BURGUESA 473,https://mcusercontent.com/dd5cd43b1cf512f035a1166fc/images/b7b4b763-d7b4-f23f-4953-674f3b9ee397.png
CARLSBERG BOTELLA 330,,
CARLSBERG LATA 330,,
CLAUSTHALER 0 BOTELLA 330,,
CLAUSTHALER BOTELLA 330,,
CLAUSTHALER BOTELLA 500,,
CLAUSTHALER BOTELLA 660,,
COLONIA 0 LATA 350,,
COLORADO APPIA LATA 410,,
COLORADO RIBEIRAO LATA 410,,
CONTI LATA 269,CONTI 269,https://mcusercontent.com/dd5cd43b1cf512f035a1166fc/images/9533ff26-86b5-fbca-4771-8066fc356068.png
CONTI LATA 350 CONTRABANDO - CONTRA,,
CONTI ZERO GRAU BOTELLA 300,CONTI ZG 300,https://mcusercontent.com/dd5cd43b1cf512f035a1166fc/images/f8285e71-3db3-0c91-d5cb-68dcf3b4aac7.png
CONTI ZERO GRAU BOTELLA 330,CONTI ZG 330,https://mcusercontent.com/dd5cd43b1cf512f035a1166fc/images/70d5fd2e-ebd1-68aa-c88b-e80ba6999f76.png
CONTI ZERO GRAU BOTELLA 600,CONTI ZG 600,https://mcusercontent.com/dd5cd43b1cf512f035a1166fc/images/7d385d27-219b-47f8-a797-5f21e5ddec56.png
CONTI ZERO GRAU LATA 269,CONTI ZG 269,https://mcusercontent.com/dd5cd43b1cf512f035a1166fc/images/18b054f0-49bd-8687-4413-e68d86ca68a5.png
CONTI ZERO GRAU LATA 350,,
CONTI ZERO GRAU LATA 473,CONTI ZG 473,https://mcusercontent.com/dd5cd43b1cf512f035a1166fc/images/2bdb10b0-4091-4bb9-6b0c-807ca7e31e2b.png
CORONA BOTELLA 207,,
CORONA BOTELLA 210,CORONA 210,https://mcusercontent.com/dd5cd43b1cf512f035a1166fc/images/c14a5a41-036f-a946-79cb-3cbbc3750a7f.png
CORONA BOTELLA 330,,
CORONA BOTELLA 355,CORONA 355,https://mcusercontent.com/d7fd666d7a9a8d4857830bd89/images/d76c6711-6de0-34d7-ef1a-03767b023a3c.png
CORONA BOTELLA 710,CORONA 710,https://mcusercontent.com/d7fd666d7a9a8d4857830bd89/images/c735d61d-318c-6fb3-6c16-e8307b12611d.png
CORONA BOTELLA 710 - CONTRA,,
CORONA LATA 269,,
CORONA LATA 269 - CONTRA,,
CORONA LATA 410 - CONTRA,,
CORTES MUSCAT BOT 330,,
CORTES ROSADO BOT 330,,
DAB DORTMUNDER LATA 500,,
DIOSA LATA 269,,
EDELMEISTER LATA 500,,
EDELMEISTER SCHWARZBIER LATA 500,,
EDELMEISTER SIN ALCOHOL LATA 500,,
EISENBAHN IPA LATA 350,EISENBAHN IPA 350,https://mcusercontent.com/dd5cd43b1cf512f035a1166fc/images/374948ab-e929-2430-fa5b-7451e8e6deac.png
EISENBAHN PALE ALE BOTELLA 355,,
EISENBAHN PILSEN BOTELLA 355,,
EISENBAHN PILSEN BOTELLA 600,,
EISENBAHN PILSEN LATA 350,EISENBAHN PILSEN 350,https://mcusercontent.com/dd5cd43b1cf512f035a1166fc/images/34aa4920-f410-e6ee-0867-efde60291580.png
EISENBAHN UNFILTERED LATA 350,,
EISENBAHN WEIZENBIER BOTELLA 355,,
ERDINGER NEGRA LATA 500,,
ERDINGER RUBIA BOTELLA 500,,
ERDINGER SIN ALCOHOL BOTELLA 500,,
ESTRELLA DAMM BOTELLA 330,,
ESTRELLA DAMM BOTELLA 660,,
ESTRELLA DAMM LATA 330,,
ESTRELLA GALICIA 0 BOTELLA 250,,
ESTRELLA GALICIA BOTELLA 355,,
ESTRELLA GALICIA BOTELLA 600,,
ESTRELLA GALICIA BOTELLA 660,,
ESTRELLA GALICIA SIN GLUTEN BOTELLA 330,,
HEINEKEN 0 BOTELLA 250,,
HEINEKEN 0 BOTELLA 330,HEINEKEN 0 330,https://mcusercontent.com/dd5cd43b1cf512f035a1166fc/images/29250fdb-8f21-8243-0401-f9cbc02d711c.png
HEINEKEN 0 BOTELLA 330 - CONTRA,,
HEINEKEN 0 BOTELLA 355 CONTRABANDO - CONTRA,,
HEINEKEN 0 LATA 330,HEINEKEN 0 330,https://mcusercontent.com/dd5cd43b1cf512f035a1166fc/images/5d93a32e-9381-10eb-f20c-cda7b1b1aa6d.png
HEINEKEN 0 LATA 355,,
HEINEKEN BOTELLA 1000 - CONTRA,,
HEINEKEN BOTELLA 250,HEINEKEN 250,https://mcusercontent.com/dd5cd43b1cf512f035a1166fc/images/eb1b0ccc-9913-74e3-455d-b67702ad1c7e.png
HEINEKEN BOTELLA 330,HEINEKEN 330,https://mcusercontent.com/dd5cd43b1cf512f035a1166fc/images/55e7982f-0bac-0e30-5b1c-a8858a72e464.png
HEINEKEN BOTELLA 650,HEINEKEN 650,https://mcusercontent.com/dd5cd43b1cf512f035a1166fc/images/2209e0f3-7a09-6c2d-2057-2db2bfc109ff.png
HEINEKEN LATA 250,HEINEKEN 250,https://mcusercontent.com/dd5cd43b1cf512f035a1166fc/images/ce775ccf-3696-9192-6c98-de07d99be8cd.png
HEINEKEN LATA 330,HEINEKEN 330,https://mcusercontent.com/dd5cd43b1cf512f035a1166fc/images/6bf6e8f5-3374-b106-55b3-331d6561fc18.png
HEINEKEN LATA 350,HEINEKEN 350,https://mcusercontent.com/dd5cd43b1cf512f035a1166fc/images/fb9674d6-3094-3b29-ca58-662085fa2038.png
HEINEKEN LATA 354,HEINEKEN 354,https://mcusercontent.com/dd5cd43b1cf512f035a1166fc/images/9574915f-de6f-0a91-5305-f9e7ebaf2d17.png
HEINEKEN LATA 473,,
HEINEKEN SILVER BOTELLA 650,HEINEKEN SILVER 650,https://mcusercontent.com/dd5cd43b1cf512f035a1166fc/images/561f019c-22e0-328f-1de7-3eb78b5a78af.png
HEINEKEN SILVER LATA 269,HEINEKEN SILVER 269,https://mcusercontent.com/dd5cd43b1cf512f035a1166fc/images/a0596e97-f992-c724-8adf-a0ba19498c6e.png
HOBGBOLIN GOLDEN LATA 500,,
HOBGOBLIN IPA LATA 440,,
HOBGOBLIN RUBY LATA 500,,
ITAIPAVA 0 LATA 350,,
ITAIPAVA BOTELLA 250,,
ITAIPAVA BOTELLA 600,,
ITAIPAVA LATA 269,,
KAISER BOTELLA 250,,
KAISER LATA 269,KAISER 269,https://mcusercontent.com/dd5cd43b1cf512f035a1166fc/images/766277e4-bbd4-e7d1-7364-fa584b703598.png
KAISER LATA 350,KAISER 350,https://mcusercontent.com/dd5cd43b1cf512f035a1166fc/images/681c7476-188f-e0be-8f77-78598cbf56e6.png
KAISER LATA 473,,
KAISER ULTRA CERO LATA 269,KAISER ULTRA CERO 269,https://mcusercontent.com/dd5cd43b1cf512f035a1166fc/images/0a078c2e-264f-85d4-2875-a5791c3cc3fc.png
KAISER ULTRA CERO LATA 350,KAISER ULTRA CERO 350,https://mcusercontent.com/dd5cd43b1cf512f035a1166fc/images/cb24c3cb-0211-991e-77f0-8c27fdcaee5d.png
KAISERDOM LATA 1000,,
KESSEL WEIZEN BOTELLA 500,,
KIAGUS AMERICAN IPA BOTELLA 500,,
KIAGUS DURAZNO BOTELLA 500,,
KIAGUS GOLDEN STRONG BOTELLA 500 ML,,
KIAGUS KARUMBE BLONDE ALE BOTELLA 500,,
KIAGUS NEIPA NEW ENGLAND IPA BOTELLA 500,,
KIAGUS PALE ALE BOTELLA 500,,
KIAGUS PILA IPA SESSION IPA BOTELLA 500,,
KIAGUS PILSENCIO BOTELLA 500,,
KIAGUS ROY PALE ALE BOTELLA 500,,
KIAGUS SAN ROQUE BELGIAN IPA BOTELLA 500,,
KIAGUS SAUVIN BOTELLA 500,,
KIAGUS SR JOSEPH BOTELLA 500,,
KING LEVE PILSEN LATA 269,,
KRONENBOURG BLANC BOTELLA 330,,
MAHOU LATA SIN ALCOHOL LATA 330,,
MAHOU MIXTA LIMÓN BOTELLA 250,,
MAHOU NEGRA BOTELLA 330,,
MAHOU SIN ALCOHOL BOTELLA 250,,
MARSTONS 61 DEEP BOTELLA 500,,
MARSTONS GOLDEN ALEBOTELLA 500,,
MARSTONS GOLDEN BOTELLA 500,,
MARSTONS IPA BOTELLA 500,,
MICHELOB ULTRA BOTELLA 330,,
MICHELOB ULTRA LATA 350,,
MILLER GENUINE DRAFT BOTELLA 355,MILLER GD 355,https://mcusercontent.com/dd5cd43b1cf512f035a1166fc/images/2a9db925-0be9-a182-c07e-198d55dbdf54.png
MILLER GENUINE DRAFT BOTELLA 600 - CONTRA,,
MILLER GENUINE DRAFT BOTELLA 650,MILLER GD 650,https://mcusercontent.com/dd5cd43b1cf512f035a1166fc/images/7d7d8fd1-2ca7-e073-9b59-a6ca31ac9e73.png
MILLER GENUINE DRAFT LATA 237,MILLER GD 237,https://mcusercontent.com/d7fd666d7a9a8d4857830bd89/images/e7712303-0493-d155-f264-922a3bd51d66.png
MILLER GENUINE DRAFT LATA 296,MILLER GD 296,https://mcusercontent.com/dd5cd43b1cf512f035a1166fc/images/7fe84028-3752-0f0a-7169-c38348f6546c.png
MILLER GENUINE DRAFT LATA 355,MILLER GD 355,https://mcusercontent.com/dd5cd43b1cf512f035a1166fc/images/3825f11f-afce-373d-569b-b52881187895.png
MILLER HIGH LIFE BOTELLA 330,,
MILLER HIGH LIFE BOTELLA 355,,
MILLER HIGH LIFE BOTELLA 650,MILLER HL 650,https://mcusercontent.com/dd5cd43b1cf512f035a1166fc/images/216626c3-2e7d-4afc-da8c-e6fd28024293.png
MILLER HIGH LIFE BOTELLA 710,,
MILLER HIGH LIFE BOTELLA 750,,
MILLER HIGH LIFE LATA 296,,
MILLER LITE BOTELLA 650,,
MILLER LITE LATA 237 - CONTRA,,
MILLER LITE LATA 355 - CONTRA,,
MOEMA BOTELLA 600,,
MOEMA LATA 350,,
MOINHO REAL LATA 350,,
MOINHO REAL PURO MALTE LATA 269,,
MOINHO REAL PURO MALTE LATA 350,,
MUNICH BOTELLA 330,,
MUNICH BOTELLA 650,,
MUNICH BOTELLA 970,MUNICH 970,https://mcusercontent.com/dd5cd43b1cf512f035a1166fc/images/e0c96178-b3f2-e4fa-f843-d5af6c646300.png
MUNICH ORIGINAL LATA 269,MUNICH ORIGINAL 269,https://mcusercontent.com/dd5cd43b1cf512f035a1166fc/images/5bfa3821-a6e1-bfae-cc97-98a1fafc459b.png
MUNICH ROYAL BOTELLA 330,MUNICH ROYAL 330,https://mcusercontent.com/dd5cd43b1cf512f035a1166fc/images/94412103-d4ea-79f3-fe92-df927ddcad78.png
MUNICH ROYAL LATA 269,MUNICH ROYAL 269,https://mcusercontent.com/dd5cd43b1cf512f035a1166fc/images/1f79238a-157d-e7d9-6451-92d6d7490f05.png
MUNICH ROYAL LATA 350,MUNICH ROYAL 350,https://mcusercontent.com/dd5cd43b1cf512f035a1166fc/images/389231c1-e7e6-7a94-2ab3-9e7915560bec.png
MUNICH ROYAL LATA 473,MUNICH ROYAL 473,https://mcusercontent.com/d7fd666d7a9a8d4857830bd89/images/8947b22c-87a2-63ec-6795-0e8fdef092e7.png
MUNICH ULTRA LATA 269,MUNICH ULTRA 269,https://mcusercontent.com/dd5cd43b1cf512f035a1166fc/images/cd58829c-2202-23a0-1978-d0619ad16437.png
MUNICH ULTRA BOTELLA 275,MUNICH ULTRA 275,https://mcusercontent.com/d7fd666d7a9a8d4857830bd89/images/d3d4f867-6c9e-2765-2397-c55a4eb9e0e0.png
ÑANDE ROJA BOTELLA 340,,
ÑANDE ROJA LATA 269,,
OURO FINO BOTELLA 340,OURO FINO 340,https://mcusercontent.com/dd5cd43b1cf512f035a1166fc/images/5a084f5a-0140-6ad3-b73e-7b0c18ca259f.png
OURO FINO BOTELLA 940,OURO FINO 940,https://mcusercontent.com/dd5cd43b1cf512f035a1166fc/images/dd429c80-ee5d-5240-491e-fa5084b94154.png
OURO FINO LATA 269,OURO FINO 269,https://mcusercontent.com/dd5cd43b1cf512f035a1166fc/images/dfd2e38e-4a82-0c8a-19ac-e3aab4254468.png
OURO FINO LATA 354,OURO FINO 354,https://mcusercontent.com/dd5cd43b1cf512f035a1166fc/images/4320cd7b-c2ba-b626-703e-f96653303656.png
PALERMO LATA 473,,
PATAGONIA AMBER LATA 410,,
PATAGONIA BOHEMIA LATA 410,,
PATAGONIA BOTELLA 1000,,
PATAGONIA BOTELLA 355 AMBER LAGER,,
PATAGONIA BOTELLA 730,,
PATAGONIA BOTELLA 730 24.7,,
PATAGONIA BOTELLA 730 AMBER LAGER,,
PATAGONIA BOTELLA 730 BOHEMIAN PILSENER,,
PATAGONIA BOTELLA 730 HOPPY LAGER,,
PATAGONIA BOTELLA 730 WEISSE,,
PATAGONIA GINGER LATA 473,,
PATAGONIA LATA 269 AMBER LAGER,,
PATAGONIA LATA 473 MIX,,
PATAGONIA LATA 473 SENDERO SUR,,
PATAGONIA LATA 473 WEISSE,,
PATAGONIA VERA IPA BOTELLA 730,,
PATAGONIA WEISSE LATA 410,,
PAULANER LATA 1000,,
PAULANER OKTOBERFEST BOTELLA 500,,
PAULANER OKTOBERFEST LATA 500,,
PAULANER WEISSBIER BOTELLA 500,,
PAULANER WEISSBIERM LATA 500 ML,,
PEÑON DEL AGUILA LATA 473,,
PERONI BOTELLA 330,,
PERONI BOTELLA 660,,
PERONI LATA 330,,
PERONI LEGGERA BOTELLA 330,,
PILSEN ALBIRROJA LATA 354,,
PILSEN ANIVERSARIO LATA 269,,
PILSEN BOTELLA 340,PILSEN 340,https://mcusercontent.com/dd5cd43b1cf512f035a1166fc/images/817cbda8-21c1-4679-434f-95ef8a012e86.png
PILSEN BOTELLA 630,,
PILSEN BOTELLA 710,,
PILSEN BOTELLA 940,PILSEN 940,https://mcusercontent.com/dd5cd43b1cf512f035a1166fc/images/ee0dcf02-6a37-ed9e-d75b-709a27823d99.png
PILSEN EXTRA BOTELLA 940,,
PILSEN EXTRA LATA 269,,
PILSEN EXTRA LATA 310,,
PILSEN LATA 269,PILSEN 269,https://mcusercontent.com/dd5cd43b1cf512f035a1166fc/images/a8fc35d6-15f5-3bfc-07ff-ada88dd130a6.png
PILSEN LATA 354,PILSEN 354,https://mcusercontent.com/dd5cd43b1cf512f035a1166fc/images/1c7c68d8-f0dc-d18c-62c1-ea272ae37f8b.png
PILSEN LATA 355,PILSEN 355,https://mcusercontent.com/dd5cd43b1cf512f035a1166fc/images/3b1440d7-d2f5-4271-7de8-f4f9f7209853.png
POLAR BOTELLA 330,,
POLAR BOTELLA 970,,
POLAR ICE BOTELLA 970,POLAR ICE 970,https://mcusercontent.com/dd5cd43b1cf512f035a1166fc/images/466a60d2-2179-4016-0fa5-75104aabe74d.png
POLAR ICE LATA 269,POLAR ICE 269,https://mcusercontent.com/dd5cd43b1cf512f035a1166fc/images/c30d97d3-f028-b9b5-d743-a78f4652bff7.png
POLAR ICE LATA 350,POLAR ICE 350,https://mcusercontent.com/dd5cd43b1cf512f035a1166fc/images/c30d97d3-f028-b9b5-d743-a78f4652bff7.png
POLAR LATA 269,POLAR 269,https://mcusercontent.com/dd5cd43b1cf512f035a1166fc/images/541825c5-3580-7c11-96ea-097640cf0c27.png
POLAR LATA 350,POLAR 350,https://mcusercontent.com/dd5cd43b1cf512f035a1166fc/images/1bb53d3d-904a-486b-138b-47fc9bcd8ba7.png
POLAR LATA 473,POLAR 473,https://mcusercontent.com/dd5cd43b1cf512f035a1166fc/images/e5f18435-9b15-e37b-5731-bb18d38e0e10.png
QUILMES BOCK NEGRA LATA 473 - CONTRA,,
QUILMES BOT 340 - CONTRA,,
QUILMES LATA 473 - CONTRA,,
QUILMES LATA DOBLE MALTA 410 - CONTRA,,
QUILMES NEGRA LATA 500 - CONTRA,,
RIO LATA 269,,
SAJONIA ECLIPSE IPA BOTELLA 640,,
SAJONIA GOLDEN ALE BOTELLA 640,,
SAJONIA LAGER BOTELLA 640,,
SAJONIA NARANJITO BOTELLA 640,,
SAJONIA PALE ALE BOTELLA 640,,
SAJONIA RED ALE BOTELLA 640,,
SAMBA LATA 473,,
SCHIN LATA 269,,
SCHIN LATA 350,,
SCHOEFFERHOFER GRAPEFRUIT BOTELLA 330,,
SCHOEFFERHOFER GRAPEFRUIT LATA 500,,
SCHÖFFERHOFER GRAPEFRUIT LATA,,
SCHOFFERHOFER HEFEWEIZEN BOTELLA 500,,
SCHOFFERHOFER HEFEWEIZEN LATA 500,,
SKOL ABRE FACIL 275,SKOL 275,https://mcusercontent.com/dd5cd43b1cf512f035a1166fc/images/262f7ac0-b6fd-5501-5e89-7c97321b6522.png
SKOL BOTELLA 300 - CONTRA,,
SKOL BOTELLA 600,,
SKOL BOTELLA 600 - CONTRA,,
SKOL BOTELLA 940,SKOL 940,https://mcusercontent.com/dd5cd43b1cf512f035a1166fc/images/2848da88-cb23-cd4b-a3b6-7fd980019c7f.png
SKOL LATA 269,SKOL 269,https://mcusercontent.com/dd5cd43b1cf512f035a1166fc/images/8000dd2d-146d-e173-ea28-4ed66ad89c8f.png
SKOL LATA 269 - CONTRA,,
SKOL LATA 310,,
SKOL LATA 350 - CONTRA,,
SKOL LATA 473 - CONTRA,,
SKOL PURO MALTE BOTELLA 275 - CONTRA,,
SKOL PURO MALTE LATA 269 - CONTRA,,
SMITH 44 PURO MALTE BOTELLA 330,,
SOL BOTELLA 330,,
SOL BOTELLA 355,,
SOL BOTELLA 650,,
SOL LATA 250,,
STELLA ARTOIS 0 BOTELLA 330,,
STELLA ARTOIS BLANCHE 473,,
STELLA ARTOIS BOTELLA  600 - CONTRA,,
STELLA ARTOIS BOTELLA 330,STELLA ARTOIS 330,https://mcusercontent.com/dd5cd43b1cf512f035a1166fc/images/a992b6e0-f265-5a9d-0c8b-a35188cbe89b.png
STELLA ARTOIS BOTELLA 660,,
STELLA ARTOIS BOTELLA 710,,
STELLA ARTOIS BOTELLA 750,,
STELLA ARTOIS LATA 250,,
STELLA ARTOIS LATA 350,,
STELLA ARTOIS NOIRE BOTELLA 473,,
STELLA ARTOIS NOIRE LATA 410,,